Sentiment,Percentage (%)
Neutral,84.90566037735849
Positive,7.547169811320755
Negative,7.547169811320755
